,Building name,District,Last date of visitby any of theinvolved case(s),Related confirmed /probable cases,Related confirmed / probablecase number
0,"Block 2, Kai Tak Garden",Wong Tai Sin,,,275
1,Hang Shun Mansions,Wan Chai,,,276
2,307 Jaffe Road,Wan Chai,,,277
3,Tagus Residences,Wan Chai,,,278
4,"Woodland Court, Parkvale Village",Islands,,,279
5,Chi Residences 120,Central & Western,,,281
6,208 Hollywood Road,Central & Western,,,282
7,L'Hoel Island South,Southern,,,283
8,"Block 6, Bayshore Towers",Sha Tin,,,284
9,"Tower 7, The Long Beach",Yau Tsim Mong,,,285
10,Pak Kong Au Road,Sai Kung,,,286
11,Indi Home,Tsuen Wan,,,287
12,"On Hoi House, Cheung On Estate",Kwai Tsing,,,287
13,"Block 6, Provident Centre",Eastern,,,288
14,"On Hiu Mansion, Lei King Wan",Eastern,,,289
15,Ovolo Southside,Southern,,,290
16,"Chun Tak House, Lung Tak Court",Southern,,,291
17,Rosedale Hotel Hong Kong,Wan Chai,,,292
18,Monmouth Villa,Wan Chai,,,293
19,"Block 1, City Point",Tsuen Wan,,,295
20,Fanling Wai South,North,,,296
21,Ramada Hong Kong Grand View,Eastern,,,297
22,"Lai Ming House, Wah Ming Estate",North,,,298
23,"Tower 3, Harbour View Horizon Hotel",Kowloon City,,,299
24,Rosedale Hotel Kowloon,Yau Tsim Mong,,,300
25,"Fook Lam House, Kwong Lam Court",Sha Tin,,,301
0,Athlete's Hostel in HK Sports Institues,Sha Tin,,,302
1,Tung Lam Court,Eastern,,,"303, 304"
2,191-193 Shau Kei Wan Road,Eastern,,,306
3,"Tak Shui House, Tak Tin Estate",Kwun Tong,,,308
4,"Celeste Court, Fung Fai Terrace",Wan Chai,,,309
5,Valiant Park,Central & Western,,,310
6,8 Hok Ling Street,Kowloon City,,,311
7,"Kwai Yat House, Kwai Hong Court",Kwai Tsing,,,312
8,Lyton Building,Yau Tsim Mong,,,313
9,"Yee Tai House, Yee Kok Court",Sham Shui Po,,,314
10,Wise Mansion,Central & Western,,,315
11,Le Meridien Cyberport,Southern,,,316
12,Marina Cove,Sai Kung,,,317
13,"Block 4, Aqua 33",Southern,,,318
14,"Block 8, Hee Wong Terrace",Central &Western,,,319
15,The Hillgrove,Tuen Mun,,,320
16,Novotel Citygate Hong Kong,Islands,,,321
17,25 Stafford Road,Kowloon City,,,322
18,"Block 6, Parc Palais",Yau Tsim Mong,,,323
19,Rosedale Hotel Kowloon,Yau Tsim Mong,,,324
20,"Vienna Court, Realty Gardens",Central &Western,,,325
21,"Block D, The Manhattan",Southern,,,326
22,"Tower 1, Hillsborough Court",Central & Western,,,327
23,"Tower 10, the Visionary",Islands,,,328
24,"Block 8, Phase 4, Tai Po Centre",Tai Po,,,332
25,"Kadoorie Avenue Mansion, 207 PrinceEdward Road West",Yau Tsim Mong,,,333
26,Braemar Hill Mansions,Eastern,,,334
27,Best Western Grand Hotel Hong Kong,Yau Tsim Mong,,,335
28,152 Waterloo Road,Kowloon City,,,336
29,Mai Ning Building,Kwai Tsing,,,337
30,"Chau Kwai House, Kwai Chung Estate",Kwai Tsing,,,338
0,"Wah Hei House, Tung Hei Court, Sai Wan Ho",Eastern,,,339
1,"Block 1, Park Mediterranean, Sai Kung",Sai Kung,,,339
2,"Sui Fat House, Siu Sai Wan Estate, Chai Wan",Eastern,,,340
3,"38 Broadwood Road, Happy Valley",Wan Chai,,,341
4,"Tung Yip House, Lei Tung Estate, Ap LeiChau",Southern,,,342
5,"Stayed in Homy Inn, North Point",Eastern,,,342
6,"Island Building, Wan Chai",Wan Chai,,,343
7,"Tower 4, Metro City Phase 1",Sai Kung,,,344
8,"Fairlane Tower, Mid-levels",Central & Western,,,345
9,Po Ming Building,Wan Chai,,,346
10,"Block 7, Villa Athena",Sha Tin,,,347
11,"Block 3, Fullview Garden",Eastern,,,348
12,"Yiu Shun House, Yiu On Estate",Sha Tin,,,349
13,"Block 10, Treasure Spot Palace",Tai Po,,,350
14,"Block 10, Treasure Spot Palace",Tai Po,,,351
15,"Sai Keng Village, Sai Sha Road",Sai Kung,,,352
16,Dorsett Kwun Tong,Kwun Tong,,,353
17,53 Hollywood Road,Central & Western,,,354
18,Block 11 Royal Ascot,Sha Tin,,,Returning from Japan(Diamond Princess cruise)
19,Chester Court,Central & Western,,,Returning from Japan(Diamond Princess cruise)
20,"Kam Shan Mansion, Taikoo Shing",Eastern,,,358
21,Stafford Road,Kowloon City,,,359
22,312 Queen's Road West,Central & Western,,,360
23,Bohemian House,Central & Western,,,361
24,Golden Valley Mansion,Central & Western,,,362
25,"Block C, The Manhattan",Southern,,,363
26,"Jade Heights, Belair Gardens",Sha Tin,,,366
27,Golden Valley Mansion,Central & Western,,,367
28,Four Seasons Hotel Hong Kong,Central & Western,,,"368, 369"
29,1 Ping On Lane,Central & Western,,,370
0,"Mun Wo House, Mun Tung Estate",Islands,,,371
1,"Block 12, South Horizons",Southern,,,372
2,Sing Kong Building,Wan Chai,,,373
3,"Block 25, Baguio Villa",Southern,,,374
4,Wise Mansion,Central & Western,,,375
5,San Uk Ka,Tai Po,,,377
6,Centre Place,Central & Western,,,378
7,1 Oxford Road,Kowloon City,,,379
8,6 Ming Yuen Western Street,Eastern,,,380
9,Marina Cove,Sai Kung,,,381
10,"Block 3, Uptown Plaza",Tai Po,,,383
11,Hang Shun Mansions,Wan Chai,,,384
12,"Kwong Cheong House, Kwong Ming Court",Sai Kung,,,385
13,"Ngan Yuet House, Ngan Wan Estate",Islands,,,386
14,Hang Shun Mansions,Wan Chai,,,387
15,"King Min House, King Lam Estate",Sai Kung,,,388
16,Percival House,Wan Chai,,,389
17,Rosedale Hotel Hong Kong,Wan Chai,,,390
18,1A Fung Fai Terrace,Wan Chai,,,391
19,Tai Long Wan Village,Islands,,,392
20,Hong Lok Road East,Tai Po,,,393
21,Full Shing Building,Yuen Long,,,394
22,"Yonking Garden, Tsing Chuen Wai",Tuen Mun,,,395
23,Auberge Discovery Bay Hong Kong,Islands,,,396
24,"Block 8, Tierra Verde",Kwai Tsing,,,397
25,Dorsett Tsuen Wan,Tsuen Wan,,,398
26,Sun Fung Wai,Tuen Mun,,,399
27,Holiday Inn Golden Mile,Yau Tsim Mong,,,400
28,Holiday Inn Golden Mile,Yau Tsim Mong,,,401
29,Welley Building,Central & Western,,,402
30,"Block A, Park Place",Wan Chai,,,403
0,"Block A, Park Place",Wan Chai,,,404
1,"Tower 16, Laguna Verde",Kowloon City,,,405
2,"Block 2, Stanford Villa",Southern,,,406
3,"Tower 1, Grand Promenade",Eastern,,,407
4,"Lane 12, Liu Pok Tsuen",North,,,408
5,"Tower 6, Island Harbourview",Yau Tsim Mong,,,409
6,52 Conduit Road,Central & Western,,,410
7,San Hui Village,Tuen Mun,,,411
8,Kwun Tong Disciplined Services Quarters,Kwun Tong,,,412
9,"Ping Oi House, Ping Yan Court",Yuen Long,,,413
10,"8 Glee Path, Mei Foo Sun Chuen",Sham Shui Po,,,414
11,Kwun Hei Court,Kowloon City,,,415
12,The Kimberley Hotel,Yau Tsim Mong,,,415
13,Best Western Plus Hotel,Yau Tsim Mong,,,415
14,Nam Wa Po,Tai Po,,,416
15,Blessings Garden,Central & Western,,,417
16,"Block B, Oriental Gardens",Yau Tsim Mong,,,418
17,Metropark Hotel Causeway Bay Hong Kong,Wan Chai,,,419
18,Happy Valley 88,Wan Chai,,,420
19,Sunpeace Court,Yau Tsim Mong,,,421
20,Gold Mine Building,Eastern,,,422
21,Haven Court,Wan Chai,,,423
22,"Tower 6, Caribbean Coast",Islands,,,424
23,19 Lai Chi Kok Road,Yau Tsim Mong,,,428
24,"Block 6, South Horizons, Ap Lei Chau",Southern,,,429
25,"Tower 2, One Silversea",Yau Tsim Mong,,,430
26,"Ching Chak House, Ching Ho Estate",North,,,431
27,"Yee Hing Building, 357 Hennessy Road",Wan Chai,,,432
28,Hang Shun Mansions,Wan Chai,,,432
29,Hang Shun Mansions,Wan Chai,,,433
30,Hang Shun Mansions,Wan Chai,,,434
0,The Harbourview,Central & Western,,,435
1,"Heng Lai House, Tin Heng Estate",Yuen Long,,,436
2,"Tower 5, One Homantin",Kowloon City,,,437
3,St Paul's Terrace,Central & Western,,,438
4,Villa Castell,Tai Po,,,439
5,Hang Shun Mansions,Wan Chai,,,440
6,Rosewood Hong Kong,Yau Tsim Mong,,,441
7,"Cheuk Wah House, Hing Wah (I) Estate",Eastern,,,442
8,Tai Lung House,Eastern,,,444
9,"Tower 6, The Latitude",Wong Tai Sin,,,446
10,"Chiu Man House, Oi Man Estate",Kowloon City,,,447
11,"Tower 6, Nan Fung Plaza",Sai Kung,,,448
12,280 Ki Lung Street,Sham Shui Po,,,450
13,379 Queen's Road Central,Central & Western,,,451
14,8 Mercer Street,Central & Western,,,452
15,18 Eastern Street,Central & Western,,,453
16,"Lee Yip House, Shun Lee Estate",Kwun Tong,,,454
17,Yan Sau Wai,Yuen Long,,,455
18,"Sau Wah House, Sau Mau Ping Estate",Kwun Tong,,,458
19,Shining Heights,Yau Tsim Mong,,,459
20,"Tower 9, Metro City Phase 2",Sai Kung,,,460
21,"Twilight Court, Peninsula Village",Islands,,,461
22,"Block A, Hyde Towers",Kwun Tong,,,462
23,"Block B, Abba House",Southern,,,463
24,Scholastic Garden,Central & Western,,,464
25,8 Kennedy Road,Central & Western,,,465
26,"Block 4, Sun Yuen Long Centre",Yuen Long,,,466
27,"Block A, Elm Tree Towers",Wan Chai,,,467
28,"Block 2, Villas Sorrento",Central & Western,,,468
29,OZO Wesley Hong Kong,Wan Chai,,,469
30,YMCA,Yau Tsim Mong,,,470
0,"Block 2, Sun Tuen Mun Centre",Tuen Mun,,,471
1,"Tower 2, Solaria",Tai Po,,,472
2,392 Reclamation Street,Yau Tsim Mong,,,473
3,The Luxe Manor,Yau Tsim Mong,,,474
4,The Palisades,Sai Kung,,,475
5,57 South Bay Road,Southern,,,476
6,Yick Shing Mansion,Wan Chai,,,477
7,"5B, Wings At Sea, Lohas Park",Sai Kung,,,478
8,"Hoi Tsui Mansion, Riviera Gardens",Tsuen Wan,,,480
9,33 Kam Wa Street,Eastern,,,481
10,Dorsett Kwun Tong,Kwun Tong,,,482
11,Scenery Garden,Sha Tin,,,483
12,"Ching Ming House, Tsz Ching Estate",Wong Tai Sin,,,484
13,L'hotel Island South,Southern,,,485
14,Courtyard by Marriott Hong Kong Sha Tin,Sha Tin,,,486
15,OZO Wesley Hong Kong,Wan Chai,,,487
16,"Hiu Tin House, Hiu Lai Court",Kwun Tong,,,488
17,"Hiu Tin House, Hiu Lai Court",Kwun Tong,,,489
18,"Block 4, Locwood Court, Kingswood Villas",Yuen Long,,,490
19,"Block 14, Richland Gardens",Kwun Tong,,,491
20,"Block 8, Tierra Verde",Kwai Tsing,,,492
21,"Block 3, Charming Garden",Yau Tsim Mong,,,493
22,Super Tower,Sham Shui Po,,,494
23,"Hin Yeung House, Hin Keng Estate",Sha Tin,,,495
24,Kam Fung Building,Southern,,,496
25,Willie Court,Yau Tsim Mong,,,497
26,Tsim Sha Tsui Mansion,Yau Tsim Mong,,,498
27,Kensington Plaza,Yau Tsim Mong,,,499
28,"Block 33, Heng Fa Chuen",Eastern,,,500
29,Hang Shun Mansions,Wan Chai,,,501
30,"Block 3, Chelsea Heights",Tuen Mun,,,504
0,"Block 2, Castello",Sha Tin,,,507
1,"Block CD, 142 Pokfulam Road",Southern,,,508
2,Hing Lee Building,Kowloon City,,,509
3,"Wai Sum House, Lung Hang Estate",Sha Tin,,,510
4,"2B, Park Yoho",Yuen Long,,,511
5,Wai Ching Mansion,Yau Tsim Mong,,,512
6,310-312 Hennessy Road,Wan Chai,,,513
7,"Tower 3, Mantin Heights",Kowloon City,,,514
8,"Block A, Hyde Tower",Kwun Tong,,,515
9,Shun Hing Building,Yau Tsim Mong,,,516
10,280 Ki Lung Street,Sham Shui Po,,,517
11,Telford Gardens Block Q2,Kwun Tong,,,518
12,315 Nathan Road,Yau Tsim Mong,,,519
13,"Tower 3, Waterfront",Yau Tsim Mong,,,520
14,"Tower 2, Centrestage",Central & Western,,,522
15,"Tower 2, Centrestage",Central & Western,,,523
16,Ka Yee Building,Wan Chai,,,524
17,238-240 Lockhart Road,Wan Chai,,,525
18,"Luk Kwai House, Kwai Chung Estate",Kwai Tsing,,,526
19,Queen's Cube,Wan Chai,,,528
20,Ocean View Court,Yau Tsim Mong,,,529
21,22 Cheong Lok Street,Yau Tsim Mong,,,531
22,Silka Tsuen Wan Hotel,Kwai Tsing,,,532
23,"Pik Shan House, Shek Pai Wan Estate",Southern,,,533
24,Fok Cheong Building,Eastern,,,534
25,32 Gough Street,Central & Western,,,535
26,Golden Jubilee House,Wan Chai,,,536
27,Ardshiel,Central & Western,,,537
28,Sausalito Tower 6,Sha Tin,,,538
29,"Block E, Kam Ying Court",Sha Tin,,,539
30,Ramada Hong Kong Harbour View Hotel,Central & Western,,,540
0,O Pui Village,Sai Kung,,,541
1,Honiton Building,Central & Western,,,542
2,217 Des Voeux Road West,Central & Western,,,543
3,Felix Villas,Central & Western,,,544
4,Camlux Hotel,Kwun Tong,,,545
5,Healey Building,Yuen Long,,,546
6,Hai Wing Road,North,,,547
7,Euston Court,Central & Western,,,548
8,"Block 2, Blossom Garden",Tuen Mun,,,549
9,30 Fat Kwong Street,Kowloon City,,,550
10,12 Hung Lok Road,Kowloon City,,,551
11,Ha Hang Village,Tai Po,,,552
12,"Block 1, Provident Centre",Eastern,,,553
13,Holiday Inn Express Hong Kong Mongkok,Yau Tsim Mong,,,554
14,Excelsior Court,Central & Western,,,555
15,Grand City Hotel,Central & Western,,,556
16,Dorsett Wanchai,Wan Chai,,,557
17,Dragons Range,Sha Tin,,,558
18,"Block A, The Dahfuldy",Kowloon City,,,559
19,Ramada Hong Kong Harbour View Hotel,Central & Western,,,560
20,Oceania Heights,Tuen Mun,,,561
21,"Block 4, Beverly Garden",Sai Kung,,,562
22,Fairview Height,Central & Western,,,563
23,"Block 2, Academic Terrace",Central & Western,,,564
24,"Block 2, The Castello",Sha Tin,,,565
25,32 Lyttelton Road,Central & Western,,,566
26,101 Ki Lung Street,Yau Tsim Mong,,,567
27,"Block 41, Heng Fa Chuen",Eastern,,,568
28,"Tower 10, La Splendeur Tower, Lohas Park",Sai Kung,,,569
29,"Block E, Galaxia",Wong Tai Sin,,,570
30,Pine Crest,Southern,,,571
0,"Block 1, Hong Lee Court",Kwun Tong,,,572
1,"Tower 5, Festival City II",Sha Tin,,,573
2,"Yee Yan House, Yee Ming Estate",Sai Kung,,,574
3,48 Kennedy Road,Central & Western,,,575
4,Golden Valley Mansion,Central & Western,,,576
5,Golden Valley Mansion,Central & Western,,,577
6,Golden Valley Mansion,Central & Western,,,578
7,Golden Valley Mansion,Central & Western,,,579
8,"Hing Shing House, Tai Hing Estate",Tuen Mun,,,580
9,"Siu Fu House, Siu Kwai Court",Tuen Mun,,,581
10,"Block 4, Provident Centre",Eastern,,,583
11,The Morgan,Central & Western,,,584
12,"Block B, Wing Tak Mansion",Wan Chai,,,585
13,"Block 1, Central Park",Yau Tsim Mong,,,586
14,Kong Ha Village,North,,,587
15,Kong Ha Village,North,,,588
16,The Park Lane,Wan Chai,,,589
17,"Block 1, Hong Lee Court",Kwun Tong,,,590
18,"Block 1, Sceneway Garden",Kwun Tong,,,591
19,"Block 3, Victoria Centre",Wan Chai,,,592
20,"Block 10, Grand Yoho",Yuen Long,,,593
21,Butterfly on Prat Boutique Hotel,Yau Tsim Mong,,,594
22,Monterey Villas,Islands,,,595
23,"Block 1, Chestwood Court, Kingswood Villas",Yuen Long,,,596
24,Dorsett Kwun Tong,Kwun Tong,,,597
25,"Block 8, City One Shatin",Sha Tin,,,598
26,"Cheung Tak House, Cheung Wah Estate",North,,,599
27,"Tower 7, Le Prime, Lohas Park",Sai Kung,,,600
28,Novotel Century Hong Kong Hotel,Wan Chai,,,601
29,"Block 3, The Sorrento, Tsim Sha Tsui",Yau Tsim Mong,,,602
30,"Tower 1, One Kai Tak (I)",Kowloon City,,,603
0,Best Western Grand Hotel,Yau Tsim Mong,,,604
1,Bishop Lei International House,Central & Western,,,605
2,Shining Building,Wan Chai,,,606
3,"Tower 2, Anglers' Bay",Tsuen Wan,,,607
4,Fairview Park,Yuen Long,,,608
5,Kwun Hei Court,Kowloon City,,,609
6,Kak Tin Village,Sha Tin,,,610
7,4 Argyle Street,Yau Tsim Mong,,,611
8,"Block A, Elm Tree Tower",Wan Chai,,,612
9,"Block A, Elm Tree Tower",Wan Chai,,,613
10,"Yiu Tsui House, Kai Tsui Court",Eastern,,,614
11,Wong Nai Tun Tsuen,Yuen Long,,,615
12,"Block AB, Scenic Villas",Southern,,,616
13,"Block C, Devon Court",Kowloon City,,,617
14,Wing Wah Mansion,Central & Western,,,618
15,"Ming Yan House, Ming Nga Court",Tai Po,,,619
16,"Ming Yan House, Ming Nga Court",Tai Po,,,620
17,"Tower 8, The Leighton Hill",Wan Chai,,,621
18,"Block A, Elm Tree Towers",Wan Chai,,,622
19,"Tower 1A, Century Link",Islands,,,623
20,"Tower 3A, Tierra Verde",Kwai Tsing,,,624
21,Ma Kwu Lam Village,Tai Po,,,625
22,Hang Shun Mansions,Wan Chai,,,626
23,"Sun On Building, 484-496, Queen's RoadWest",Central & Western,,,627
24,"Block 2, New Jade Garden",Eastern,,,628
25,"Mei Sang House, Shek Kip Mei Estate",Sham Shui Po,,,629
26,Hang Shun Mansions,Wan Chai,,,630
27,"Tower 2, Robinson Place",Central & Western,,,631
28,"Siu Fu House, Siu Kwai Court",Tuen Mun,,,632
29,"Block 6, Casa De Oro",Yuen Long,,,633
30,Kadoorie Avenue Mansion,Kowloon City,,,634
0,"Tat Hei House, Po Tat Estate",Kwun Tong,,,637
1,Po Hong Mansion,Tai Po,,,638
2,"Kan Wah House, Lok Wah North Estate",Kwun Tong,,,639
3,The Morgan,Central & Western,,,640
4,Headland Hotel,Islands,,,641
5,Sheung Heu Building,Kwun Tong,,,643
6,8 Kennedy Road,Central & Western,,,644
7,"Belleve Court, Pictorial Garden",Sha Tin,,,645
8,"Block 15, Caribbean Coast",Islands,,,646
9,Renaissance Harbour View Hotel,Wan Chai,,,647
10,The Park Lane Hong Kong,Wan Chai,,,648
11,"114 Broadway, Mei Foo Sun Chuen",Sham Shui Po,,,649
12,Page 148,Yau Tsim Mong,,,650
13,"Block 11, Caribbean Coast",Islands,,,651
14,"On Tao House, Cheung On Estate",Kwai Tsing,,,652
15,Best Western Grand Hotel,Yau Tsim Mong,,,653
16,"Pik Lam House, Tsui Lam Estate",Sai Kung,,,654
17,"Block 8, Provident Centre",Eastern,,,655
18,"Block 48, Heng Fa Chuen",Eastern,,,656
19,Crowne Plaza Hong Kong Causeway Bay,Wan Chai,,,657
20,Tsing Fai San Tsuen,Kwai Tsing,,,658
21,"On Tao House, Cheung On Estate",Kwai Tsing,,,659
22,Park Hotel Hong Kong,Yau Tsim Mong,,,660
23,"Block 4, Hong Kong Parkview",Southern,,,661
24,"Hong Yat House, Yat Tung Estate",Islands,,,662
25,"Fu Loy House, Fu Cheong Estate",Sham Shui Po,,,663
26,Kingston Lodge,Sha Tin,,,664
27,"Tower 7, The Waterfront",Yau Tsim Mong,,,665
28,"Tower 7, The Waterfront",Yau Tsim Mong,,,666
29,Chek Nai Ping,Sha Tin,,,667
30,Elegant Terrace,Wan Chai,,,668
0,Metropark Hotel Mongkok,Yau Tsim Mong,,,669
1,Ko Po Tsuen,Yuen Long,,,670
2,"Palm Drive, Redhill Peninsula",Southern,,,671
3,YMCA of Hong Kong,Yau Tsim Mong,,,672
4,"Block B, Paterson Building",Wan Chai,,,673
5,"Cheung Chi House, Cheung Wah Estate",North,,,674
6,Hong Kong Skycity Marriott Hotel,Islands,,,675
7,Dorsett Wanchai,Wan Chai,,,676
8,"Pik Shan House, Shek Pai Wan Estate",Southern,,,677
9,"Lung Wah House, Lower Wong Tai Sin Estate",Wong Tai Sin,,,678
10,L' Hotel Island South,Southern,,,679
11,"Block 4, Phase 3, Metrocity",Sai Kung,,,680
12,L' Hotel Island South,Southern,,,681
13,"Tower 10, Mount Pavilia",Sai Kung,,,682
14,Fairview Height,Central & Western,,,683
15,"Lowrise 9, Mayfair by the Sea I",Tai Po,,,684
16,"Villa San De Oka, San Uk Ka Tsuen",Tai Po,,,685
17,Artisan House,Central & Western,,,686
18,"Tower 2A, Century Link",Islands,,,687
19,"Block 9, Deerhill Bay",Tai Po,,,688
20,The Manhattan,Southern,,,689
21,The Avenue,Wan Chai,,,690
22,"Siu Fu House, Siu Kwai Court",Tuen Mun,,,691
23,"Block D, Villa Lotto",Wan Chai,,,692
24,Bishop Lei International House,Central & Western,,,693
25,Pak Fai Mansion,Central & Western,,,694
26,Lai Yee Court,Eastern,,,695
27,"Block 17, Mei Fai Court, South Horizons",Southern,,,696
28,"Block 17, Mei Fai Court, South Horizons",Southern,,,697
29,"Block 4, Laguna City",Kwun Tong,,,698
30,Panorama Gardens,Central & Western,,,699
0,Dorsett Kwun Tong,Kwun Tong,,,700
1,"Tower 6, The Papillons",Sai Kung,,,701
2,"Tientsin House, Tsuen Wan Centre",Tsuen Wan,,,702
3,"Marigold House, So Uk Estate",Sham Shui Po,,,703
4,Kwun Tong Mansion,Kwun Tong,,,704
5,"Block B, Fuk Ming Building",Yau Tsim Mong,,,705
6,Boland Court Phase 1,Kowloon City,,,706
7,Oceanic Mansion,Eastern,,,707
8,Glory Heights,Central & Western,,,708
9,"Block 7, Villa Athena",Sha Tin,,,709
10,"Pacific House, Affluence Garden",Tuen Mun,,,710
11,"Pacific House, Affluence Garden",Tuen Mun,,,711
12,Luxe Manor Hotel,Yau Tsim Mong,,,712
13,"Pik Shan House, Shek Pai Wan Estate",Southern,,,713
14,Fortune Villa,Central & Western,,,714
15,"Tower 6, Banyan Garden",Sham Shui Po,,,715
16,"Fung Wai House, Sun Tin Wai Estate",Sha Tin,,,716
17,"Block 1, City Garden",Eastern,,,717
18,"Yin Tat House, On Tat Estate",Kwun Tong,,,718
19,"Tower One, Phase 4, Bel-Air On The Peak",Southern,,,719
20,"Tower 10, Mayfair by the Sea II",Tai Po,,,720
21,Arezzo,Central & Western,,,721
22,Hong Kong Reese Hotel,Southern,,,722
23,"Tower 1, Grand Promenade",Eastern,,,723
24,"Block 7, Oscar by the Sea",Sai Kung,,,724
25,"Block 7, Oscar by the Sea",Sai Kung,,,725
26,"Tower 3, Park Delvedere",Sha Tin,,,726
27,"Pik Ngan House, Shek Pai Wan Estate",Southern,,,727
28,Hong Kong Reese Hotel,Southern,,,728
29,Ha Tsuen Shi,Yuen Long,,,729
30,"Block 30A, Park Yoho Genova",Yuen Long,,,730
0,Dorsett Kwun Tong,Kwun Tong,,,731
1,"Tower 6, Banyan Garden",Sham Shui Po,,,732
2,Best Western Grand Hotel Hong Kong,Yau Tsim Mong,,,733
3,"Yuet Yat House, Yat Tung (II) Estate",Islands,,,734
4,"Friendship Court, 12 -22 Blue Pool Road",Wan Chai,,,735
5,Parker 33,Eastern,,,736
6,"Phase 1, Blessings Garden",Central & Western,,,737
7,Dragon Court,Central & Western,,,739
8,Aigburth,Central & Western,,,740
9,"Wang Ngai House, Cheung Wang Estate",Kwai Tsing,,,741
10,"Block A, Elm Tree Towers",Wan Chai,,,742
11,"Tower 2B, Century Link",Islands,,,743
12,Crowfields Court,Kowloon City,,,745
13,35 Station Lane,Kowloon City,,,746
14,"Tower 1A, Century Link",Islands,,,747
15,"Mei Wah Court, South Horizon",Southern,,,748
16,"La Rossa A, Coastal Skyline",Islands,,,749
17,"Tung Hiu House, Tung Yuk Court",Eastern,,,750
18,"Tower 2, Queen's Terrace",Central & Western,,,751
19,"Tientsin House, Tsuen Wan Centre",Tsuen Wan,,,752
20,Headland Hotel,Islands,,,753
21,"Tak Fu House, Hau Tak Estate",Sai Kung,,,754
22,On Keung Building,Wong Tai Sin,,,755
23,Luxury Court,Yau Tsim Mong,,,756
24,Tung Hei Court,Kowloon City,,,757
25,Windsor Mansions,Yau Tsim Mong,,,758
26,"Sau Chi House, Sau Mau Ping Estate",Kwun Tong,,,759
27,Yick Shing Mansion,Wan Chai,,,760
28,Yonking Garden,Tuen Mun,,,761
29,"10 Seahorse Lane, Beach Village, DiscoveryBay",Islands,,,764
0,"Block 5, Yar Chee Villas",Southern,,,765
1,"Hoi Kwun Mansion, Riveiera Gardens",Tsuen Wan,,,767
2,V Happy Valley,Wan Chai,,,768
3,Man Yue Mansion,Wong Tai Sin,,,769
4,"Tower 8, The Latitude",Wong Tai Sin,,,770
5,"Tower 1, Sorrento",Yau Tsim Mong,,,771
6,"Tower 3, Park Mediterranean",Sai Kung,,,772
7,"Block C, The Manhattan",Southern,,,773
8,"Tower 1, Harbourview Horizon Suites",Kowloon City,,,774
9,10 Po Yick Lane,Tai Po,,,775
10,"Tower 3, The Coronation",Yau Tsim Mong,,,776
11,YMCA of Hong Kong,Yau Tsim Mong,,,777
12,Ho Chung New Village,Sai Kung,,,778
13,Mount Pleasure,Sha Tin,,,779
14,Hong Kong Ocean Park Marriott Hotel,Southern,,,780
15,"Wah Sin House, Wah Kwai Estate",Southern,,,781
16,Fairview Park,Yuen Long,,,782
17,"Block 1, Phase 3, Festival City",Sha Tin,,,783
18,"Tower 1, Rambler Crest",Kwai Tsing,,,784
19,"Block B, Luk Yeung Sun Chuen",Tsuen Wan,,,785
20,Dorsett Mong Kok,Yau Tsim Mong,,,786
21,"Block 9, Bamboo Mansion, Whampoa Garden",Kowloon City,,,787
22,One Lasalle,Kowloon City,,,788
23,"Tower 1, One Kai Tak",Kowloon City,,,789
24,"Block B, Sunway Garden",Eastern,,,790
25,37 Celestial Heights,Kowloon City,,,791
26,"Block 5, Cronin Garden",Sham Shui Po,,,792
27,"Block 2, Stanford Villa",Southern,,,793
28,"Block 5, Fanling Town Center",North,,,794
29,"Willow Mansion, Taikoo Shing",Eastern,,,795
30,"Wo Hing House, Hing Wah (II) Estate",Eastern,,,796
0,Tseng Lan Shue Tsuen,Sai Kung,,,797
1,Fortune Villa,Central & Western,,,798
2,Courtyard By Marriott Hong Kong,Central & Western,,,799
3,Dorsett Tsuen Wan,Tsuen Wan,,,800
4,"292 Lockhart Road, Wan Chai",Wan Chai,,,801
5,"Kwai Yat House, Kwai Hong Court",Kwai Tsing,,,802
6,Convention Plaza,Wan Chai,,,804
7,"Block A, Elm Tree Tower",Wan Chai,,,805
8,Mognolia Mansion,Wan Chai,,,806
9,"Block 8, Hee Wong Terrance",Central & Western,,,807
10,"5th Street, Section I, Fairview Park",Yuen Long,,,808
11,"Seung Lai House, Wah Lai Estate",Kwai Tsing,,,809
12,"Ming Chuen House, Shui Chuen O Estate",Sha Tin,,,811
13,"Block 1, Garden Terrace",Central & Western,,,812
14,"Tower 10, Caribbean Coast",Islands,,,813
15,Sha Kok Mei Village,Sai Kung,,,814
16,"Hong Wo House, Cheung Hong Estate",Kwai Tsing,,,815
17,"Block 2, Hong Sing Garden",Sai Kung,,,816
18,Arezzo,Central & Western,,,817
19,Escapade,Central & Western,,,818
20,Dorsett Wanchai,Wan Chai,,,819
21,"Ka Kit House, Ka Lung Court",Southern,,,820
22,Novotel Century Hong Kong,Wan Chai,,,821
23,"Block 1, South Wave Court",Southern,,,822
24,Yale Lodge,Central & Western,,,823
25,"Greenpeak Villa, Wong Chuk Shan San Tsuen",Sai Kung,,,824
26,Novotel Century Hong Kong,Wan Chai,,,825
27,Ramada Hong Kong Harbour View Hotel,Central & Western,,,826
28,"Tower A, Chungking Mansions",Yau Tsim Mong,,,827
29,Peak Garden Court,Kowloon City,,,828
30,Peak Garden Court,Kowloon City,,,829
0,"Tower 5, Aria",Wong Tai Sin,,,830
1,Lau Kwai Fong Hotel,Central & Western,,,832
2,"Block 2, Hong Kong Garden",Tsuen Wan,,,833
3,"Tower 14, Hong Kong Parkview",Southern,,,834
4,"Tower 7, Bauhinia Garden",Sai Kung,,,835
5,Resiglow,Wan Chai,,,836
6,Hang Shun Mansions,Wan Chai,,,838
7,Metropark Hotel Mongkok,Yau Tsim Mong,,,839
8,"Ping Sin House, Ping Tao Estate",Kwun Tong,,,840
9,St. Moritz,Sha Tin,,,843
10,35 Station Lane,Kowloon City,,,844
11,38 Jordan Road,Yau Tsim Mong,,,845
12,"Block 2, Laguna City",Kwun Tong,,,846
13,Princeton Tower,Central & Western,,,847
14,"Chau Kwai House, Kwai Chung Estate",Kwai Tsing,,,848
15,292 Lockhart Road,Wan Chai,,,849
16,"Seabird Lane, Discovery Bay",Islands,,,850
17,"Tower 2, One Homantin",Kowloon City,,,851
18,Best Western Plus Hotel Hong Kong,Central & Western,,,852
19,"Block 1, Dragon Centre",Wan Chai,,,853
20,"Ko Fung House, Ko Cheung Court",Kwun Tong,,,854
21,"Kan Tau Tsuen, Kwan Tei",North,,,855
22,"Chuen Shui House, Shui Pin Wai Estate",Yuen Long,,,856
23,United Mansion,Wan Chai,,,857
24,"Block B, Lung Fung Garden",North,,,858
25,"Block B, Lung Fung Garden",North,,,859
26,"Block B, Lung Fung Garden",North,,,860
27,Le Billionnaire,Kowloon City,,,862
28,"Sheung Yan House, Sheung Tak Estate",Sai Kung,,,863
29,Rose Gardens,Central & Western,,,865
30,Bishop Lei International House,Central & Western,,,866
0,Dorsett Tsuen Wan,Kwai Tsing,,,867
1,"Fai Shing House, May Shing Court",Sha Tin,,,868
2,Green Valley Mansion,Wan Chai,,,869
3,Kei Ling Ha San Wai,Tai Po,,,870
4,Silka Tsuen Wan Hotel,Kwai Tsing,,,871
5,"Hang King House, Siu Shan Court",Tuen Mun,,,872
6,Borrett Mansions,Central & Western,,,873
7,Dorsett Wanchai,Wan Chai,,,874
8,Kam Tong Building,Yau Tsim Mong,,,875
9,"Block 4, Locwood Court, Kingswood Villas",Yuen Long,,,876
10,Island View,Islands,,,878
11,"Block 4, Laguna City",Kwun Tong,,,879
12,Tagus Residences,Wan Chai,,,881
13,Kei Pik Shan,Sai Kung,,,882
14,Blue Pool Court,Wan Chai,,,883
15,"Choi Shing House, Choi Tak Estate",Kwun Tong,,,884
16,"Block B, Monticello",Central & Western,,,885
17,Ramada Hong Kong Grand View,Eastern,,,886
18,Kam Fat Building,Tuen Mun,,,887
19,"Tower 2, The Metropolis Residence",Kowloon City,,,888
20,"Block 33, Baguio Villa (Lower)",Southern,,,889
21,"Block C, Garden Vista",Sha Tin,,,890
22,Tung Hei Court,Kowloon City,,,891
0,2-4 Shelley Street,Central & Western,13/03/2020,"191, 217, 250, 332",
1,44 D'Aguilar Street,Central & Western,13/03/2020,"191, 217, 250, 332",
2,63 Wyndham Street,Central & Western,13/03/2020,"191, 217, 373",
3,45 Pottinger Street,Central & Western,13/03/2020,"217, 275, 278, 284,332",
4,Pinnacle Building,Wan Chai,14/03/2020,"169, 208",
5,Scenic Rise,Central & Western,14/03/2020,"169, 208, 315",
6,Auberge Discovery Bay HongKong,Islands,14/03/2020,"191, 233, 237, 253,258, 259, 287, 295,332, 373",
7,Wing On Plaza,Yau Tsim Mong,14/03/2020,"191, 373",
8,Harbour Crystal Centre,Yau Tsim Mong,14/03/2020,"233, 253, 259, 295",
9,Union Industrial Building,Southern,15/03/2020,"169, 208, 277, 315,375",
10,100 Third Street,Central & Western,15/03/2020,"566, 618",
11,Win Fung Building,Wan Chai,16/03/2020,"169, 208",
12,152 Austin Road,Yau Tsim Mong,16/03/2020,"174, 222, 243, 285,286",
13,Nan Dao Commercial Building,Central & Western,16/03/2020,"177, 178",
14,Silver Jubilee Mansion,Central & Western,16/03/2020,"177, 178",
15,Century Square,Central & Western,16/03/2020,"184, 195",
16,California Tower,Central & Western,16/03/2020,"195, 199",
17,"Shopping Centre, Melody Garden",Tuen Mun,17/03/2020,"120 , 121, 244",
18,CCT Telecom Building,Sha Tin,17/03/2020,"191, 217",
19,Hong Kong Baptist Hospital,Kowloon City,17/03/2020,"195, 243",
20,"Block 1, Kwai Tak IndustrialCentre",Kwai Tsing,17/03/2020,"229, 337, 338",
21,Bank of China building,Central & Western,18/03/2020,"106, 183, 204",
22,CCT Telecom Building,Sha Tin,18/03/2020,"191, 217, 373",
23,"ICBC Tower, Garden Road",Central & Western,18/03/2020,"195, 339",
24,Tung Chung Crescent,Islands,19/03/2020,"212, 271",
0,Cheung Lung Industrial Building,Sham Shui Po,19/03/2020,"291, 312, 372,391, 429",
1,97 Hollywood Road,Central & Western,20/03/2020,"266, 319",
2,62 Hollywood Road,Central & Western,20/03/2020,"266, 342",
3,Manson House,Yau Tsim Mong,20/03/2020,"428, 855",
4,Ho Lee Commercial Building,Central & Western,22/03/2020,"182, 227, 276, 343,360, 362, 367, 384,386, 387, 389, 394,411, 422, 432, 433,440, 442, 453, 497,501, 511, 513, 576,627, 746",
5,2B Hung Fook Street,Kowloon City,22/03/2020,385,
6,Mai Kei Building,Tuen Mun,22/03/2020,411,
7,69 - 119 Broadway Street,Sham Shui Po,22/03/2020,414,
8,Empire Centre,Yau Tsim Mong,22/03/2020,415,
9,Central Building,Central & Western,22/03/2020,420,
10,Chai Wan Municipal ServicesBuilding,Eastern,22/03/2020,422,
11,354 Hennessy Road,Wan Chai,22/03/2020,423,
12,Dragon Rise Building,Wan Chai,22/03/2020,423,
13,Citywalk Phase 1,Tsuen Wan,22/03/2020,428,
14,Hing Wah Plaza,Eastern,22/03/2020,442,
15,88 Gloucester Road,Wan Chai,22/03/2020,524,
16,Two Chinachem Plaza,Central & Western,22/03/2020,"563, 683",
17,"Deli Place (Site 4), the Whampoa",Kowloon City,22/03/2020,609,
18,The Whampoa,Kowloon City,22/03/2020,609,
19,"Home World, the Whampoa",Kowloon City,22/03/2020,609,
20,Omega Plaza,Yau Tsim Mong,22/03/2020,702,
21,6-8 Malacca street,Kowloon City,22/03/2020,704,
22,Good View Court,Central & Western,22/03/2020,717,
23,Harbour Place Club House,Kowloon City,22/03/2020,718,
24,Laguna Arcade,Kwun Tong,22/03/2020,746,
25,33 Des Voeux Road Central,Central & Western,23/03/2020,402,
0,Lai Wan Market,Sham Shui Po,23/03/2020,414,
1,Best Western Plus Hotel Kowloon,Yau Tsim Mong,23/03/2020,415,
2,Wing On House,Central & Western,23/03/2020,422,
3,Wai Fong Court,Eastern,23/03/2020,422,
4,Hollywood Plaza,Yau Tsim Mong,23/03/2020,428,
5,King Wah Centre,Yau Tsim Mong,23/03/2020,428,
6,498-500 Nathan Road,Yau Tsim Mong,23/03/2020,437,
7,Hang Lung Centre,Wan Chai,23/03/2020,465,
8,Henley Building,Central & Western,23/03/2020,466,
9,Hysan Place,Wan Chai,23/03/2020,466,
10,The Park Lane,Wan Chai,23/03/2020,466,
11,Sha Tin Government Offices,Sha Tin,23/03/2020,514,
12,Lee Chau Commercial Building,Yau Tsim Mong,23/03/2020,516,
13,55 Sau Fu Street,Yuen Long,23/03/2020,615,
14,The Pulse,Southern,23/03/2020,618,
15,Hung To Centre,Kwun Tong,23/03/2020,637,
16,"Kai Shing House, Kai Yip Estate",Kwun Tong,23/03/2020,643,
17,Yiu Pont House,Yau Tsim Mong,23/03/2020,704,
18,76 Jaffe Road,Wan Chai,24/03/2020,"276, 343, 362, 367,386, 387, 389, 413,432, 433, 434, 440,477, 499, 501, 509,513, 519, 524, 576,635, 638, 707, 746,864",
0,9 Knutsford Terrace,Yau Tsim Mong,24/03/2020,"387, 389, 395, 411,428, 433, 447, 450,458, 462, 466,  483,484, 498, 501, 510,511, 512, 513, 514,517, 526, 573, 581,614, 615, 625, 663,670, 674, 746, 755,846, 863",
1,Silvercord,Yau Tsim Mong,24/03/2020,388,
2,Lander Hotel Prince Edward,Sham Shui Po,24/03/2020,388,
3,Mary Building,Yau Tsim Mong,24/03/2020,388,
4,Sceneway Plaza,Kwun Tong,24/03/2020,412,
5,Ping Yan Shopping Centre,Yuen Long,24/03/2020,413,
6,China Insurance Group Building,Central & Western,24/03/2020,415,
7,Sham Shui Po Police Station,Sham Shui Po,24/03/2020,428,
8,New Territories South RegionalPolice Headquarters,Tsuen Wan,24/03/2020,428,
9,Wan Chai Market,Wan Chai,24/03/2020,433,
10,Metroplaza,Kwai Tsing,24/03/2020,442,
11,Yin Hing Building,Wong Tai Sin,24/03/2020,450,
12,Hyatt Regency Hong Kong,Sha Tin,24/03/2020,458,
13,Eu Yan Sang Tower,Yau Tsim Mong,24/03/2020,465,
14,"ICBC Tower, Garden Road",Central & Western,24/03/2020,467,
15,10-11 Knustsford Terrace,Yau Tsim Mong,24/03/2020,"483, 516",
16,Hilton Plaza,Sha Tin,24/03/2020,483,
17,MW Plaza,Yau Tsim Mong,24/03/2020,"567, 842",
18,Lokville Commercial Building,Yau Tsim Mong,24/03/2020,567,
0,Gleneagles Hospital Hong Kong,Southern,24/03/2020,573,
1,2 Arbuthnot Road,Central & Western,24/03/2020,579,
2,Langham Place,Yau Tsim Mong,24/03/2020,611,
3,8 First Street,Central & Western,24/03/2020,622,
4,25 Carnarvon Road,Yau Tsim Mong,24/03/2020,"662, 687, 702, 704,705, 758, 759",
5,The Mills,Tsuen Wan,24/03/2020,704,
6,8 Minden Avenue,Yau Tsim Mong,24/03/2020,704,
7,Maxi Mall,Eastern,24/03/2020,717,
8,"Phase 2, Amoy Gardens",Kwun Tong,24/03/2020,718,
9,"Phase 1, Amoy Plaza",Kwun Tong,24/03/2020,718,
10,Yoho Mall II,Yuen Long,25/03/2020,413,
11,Pionner Centre,Yau Tsim Mong,25/03/2020,415,
12,Entertainment Building,Central & Western,25/03/2020,452,
13,Abba Shopping Mall,Southern,25/03/2020,463,
14,Yan Oi General Out-Patient Clinic,Tuen Mun,25/03/2020,466,
15,T.W.G.HS. Jockey ClubRehabilitation Complex,Southern,25/03/2020,512,
16,St. Teresa's Hospital,Yau Tsim Mong,25/03/2020,514,
17,5 Tonnochy Road,Wan Chai,25/03/2020,525,
18,Hilltop Plaza,Central & Western,25/03/2020,566,
19,Wing Cheong Building,Yau Tsim Mong,25/03/2020,567,
20,Festival Walk,Sham Shui Po,25/03/2020,573,
21,Hong Kong Baptist Hospital,Kowloon City,25/03/2020,611,
22,36 Pottinger Street,Central & Western,25/03/2020,618,
23,Sun Cheong Industrial Building,Sham Shui Po,25/03/2020,625,
24,Tak Cheung Building,Yuen Long,25/03/2020,633,
25,Asia Pacific Centre,Central & Western,25/03/2020,682,
0,Macau Yat Yuen Centre,Wan Chai,25/03/2020,682,
1,Two Exchange Square,Central & Western,25/03/2020,682,
2,North Point Government Offices,Eastern,25/03/2020,748,
3,Lockville Commercial Building,Yau Tsim Mong,25/03/2020,769,
4,22 Shanghai Street,Yau Tsim Mong,25/03/2020,769,
5,Soundwill Plaza,Wan Chai,25/03/2020,797,
6,Fu Hing Building,Yuen Long,26/03/2020,466,
7,Yoho Mall I,Yuen Long,26/03/2020,466,
8,93 Pau Chung Street,Kowloon City,26/03/2020,484,
9,New Town Plaza,Sha Tin,26/03/2020,495,
10,70 Chun Choi Street,Sai Kung,26/03/2020,562,
11,Carado Garden,Sha Tin,26/03/2020,610,
12,Euro Trade Centre,Central & Western,26/03/2020,625,
13,Shek Kip Mei Reporting Centre,Sham Shui Po,26/03/2020,663,
14,23 Luard Road,Wan Chai,26/03/2020,"682, 857",
15,Pearl Oriental Tower,Yau Tsim Mong,26/03/2020,769,
16,Nan Fung Centre,Tsuen Wan,26/03/2020,833,
17,Tsuen Wan Adventist Hospital,Tsuen Wan,26/03/2020,833,
18,82 Jaffe Road,Wan Chai,27/03/2020,"276, 362, 367, 386,387, 389, 432, 433,440, 481, 501, 513,531, 626, 746",
19,Hong Kong Adventist Hospital -Tsuen Wan,Tsuen Wan,27/03/2020,511,
20,68 Lai Chi Kok Road,Yau Tsim Mong,27/03/2020,567,
21,China Insurance Group Building,Central & Western,27/03/2020,609,
22,Leung King Commercial Complex,Tuen Mun,27/03/2020,632,
23,San Hui Market,Tuen Mun,27/03/2020,632,
24,APM,Kwun Tong,27/03/2020,637,
25,L'Hart,Wan Chai,27/03/2020,663,
0,West Kowloon Cultural District,Yau Tsim Mong,27/03/2020,663,
1,Wycombe Abbey School HongKong (Tin Wan Campus),Southern,27/03/2020,682,
2,Olympian City Two,Yau Tsim Mong,27/03/2020,686,
3,K11 Musea,Yau Tsim Mong,27/03/2020,"687, 702, 704, 705,758, 759",
4,Gateway Tower 1,Yau Tsim Mong,27/03/2020,718,
5,67 Yi Chun Street,Sai Kung,27/03/2020,756,
6,Kam Po Court,Sai Kung,27/03/2020,756,
7,The One,Yau Tsim Mong,27/03/2020,756,
8,Mira Place Two,Yau Tsim Mong,27/03/2020,756,
9,AIA Financial Center,Wong Tai Sin,27/03/2020,769,
10,The One,Yau Tsim Mong,27/03/2020,796,
11,Mira Place 2,Yau Tsim Mong,27/03/2020,796,
12,67 Yi Chun Street,Sai Kung,27/03/2020,796,
13,Hysan Place,Wan Chai,27/03/2020,806,
14,Lokville Commercial Building,Yau Tsim Mong,27/03/2020,842,
15,163 Hennessy Road,Wan Chai,27/03/2020,857,
16,iSQUARE,Yau Tsim Mong,28/03/2020,"504, 756",
17,10 Knutsford Terrace,Yau Tsim Mong,28/03/2020,"567, 842",
18,"Burlington Arcade, Tsim Sha Tsui",Yau Tsim Mong,28/03/2020,638,
19,Cathay Pacific City,Islands,28/03/2020,641,
20,23 Yip Kan Street,Southern,28/03/2020,"719, 801, 849",
21,Tung Chung Health Centre,Islands,28/03/2020,743,
22,Hang On Building,Wong Tai Sin,28/03/2020,755,
23,Allways Center,Wan Chai,28/03/2020,769,
24,Langham Place Office Tower,Yau Tsim Mong,28/03/2020,796,
25,Che Wah Buildilng,Wong Tai Sin,28/03/2020,797,
26,Plaza Hollywood,Wong Tai Sin,28/03/2020,835,
27,Shinyam Commercial Building,Wan Chai,28/03/2020,840,
28,Police Sports and Recreation Club,Yau Tsim Mong,29/03/2020,663,
29,Hip Wo House,Kwun Tong,29/03/2020,718,
30,Abba Shopping Mall,Southern,29/03/2020,748,
31,Tung Po Mansion,Eastern,29/03/2020,750,
0,10 Shau Kei Wan Main Street East,Eastern,29/03/2020,750,
1,Oliv,Wan Chai,29/03/2020,769,
2,Kam Po Court,Sai Kung,29/03/2020,796,
3,Cathay Pacific City,Islands,30/03/2020,753,
4,Hong Kong Baptist Hospital,Kowloon City,30/03/2020,767,
5,Lee Tung Avenue,Wan Chai,30/03/2020,774,
6,64 Stone Nullah Lane,Wan Chai,30/03/2020,774,
7,Man Po Building,Wong Tai Sin,30/03/2020,797,
8,Central Government Pier,Central & Western,31/03/2020,717,
9,Global Trade Square,Southern,31/03/2020,719,
10,Yat Tung Shopping Centre,Islands,31/03/2020,753,
11,Precious Blood Hospital,Sham Shui Po,31/03/2020,757,
12,Cheong Ip Building,Wan Chai,31/03/2020,760,
13,Ming Fung Building,Wan Chai,31/03/2020,797,
14,Prince's Building,Central & Western,31/03/2020,812,
15,Beverly Garden Shopping Centre,Sai Kung,31/03/2020,835,
16,Hong Kong Sanatorium &Hospital,Wan Chai,01/04/2020,799,
17,Union Hospital,Sha Tin,01/04/2020,799,
18,Shek Kip Mei Reporting CentreAnd PTU KW Operational Base,Sham Shui Po,01/04/2020,854,
19,Queensway Plaza,Central & Western,01/04/2020,863,
20,Conventional Plaza ShoppingArcade,Wan Chai,01/04/2020,865,
21,50 Wellington Street,Central & Western,02/04/2020,865,
22,1 â€“ 29 Tang Lung Street,Wan Chai,03/04/2020,865,
